id,admin_equipment,lot,type_1,type_2,type_3,generic_name,quantity,brand,model,serial_number,commissioning_year,served_zones,status,photoPlaque,type_name
-NBw5DQx5Aj8r89Vdji_.-NFIc-fXaoJ_UlGianuH.-NLVvNbB90WBU3xav4wI,-MB48ZFGuTp1xQsDziBG,-L6W1C0X9zmAZC-JClDm,-MB48ZFGuTp1xQsDziBG,,,Pompe,1,GRUNDFOS,UPS 15-40 130,96281368,,atelier radiateur,En service,Equipements/-NBw5DQx5Aj8r89Vdji_/-NFIc-fXaoJ_UlGianuH/-NLVvNbB90WBU3xav4wI/photoPlaque/20230111_130341330_uxUxt2trPeOpkakHr0TqIZr5Srf2_Photo.jpg,Pompe
-NNLWOAI9c5SmS1ntxY1.-NZAaHcUDJxCp5p-8iBl.-N_hFMic_3zreaMzyg9U,-MB48ZFGuTp1xQsDziBG,-L6W1C0X9zmAZC-JClDm,-MB48ZFGuTp1xQsDziBG,,,Pompe,1,KSB,OMEGA 125-290,/,2022,,En service,Equipements/-NNLWOAI9c5SmS1ntxY1/-NZAaHcUDJxCp5p-8iBl/-N_hFMic_3zreaMzyg9U/photoPlaque/20230719_082612971_pflYtu9Z6jh4AQRitBlAoYzKPN52_Photo.jpg,Pompe
-O61hnkb6eSRxJ_FCfLQ.-O65Szm2tR9ZaCaAgvP7.-O65X1LmwqAp5WS8B7SZ,-MB48ZFGuTp1xQsDziBG,-L6W1C0X9zmAZC-JClDm,-MB48ZFGuTp1xQsDziBG,,,Pompe,1,salmson,"nxl13-32P
",,,,En service,Equipements/-O61hnkb6eSRxJ_FCfLQ/-O65Szm2tR9ZaCaAgvP7/-O65X1LmwqAp5WS8B7SZ/photoPlaque/20241105_095641577_ZiwMMlvKrFQqnBDszAI5IWTISnC2_Photo.jpg,Pompe
-Mx_-Te298025awzl8lA.-Mx_088FD3tgzMLbqtYB.-Mx_9iAX26bisgmM69zV,-MB48ZFGuTp1xQsDziBG,-L6W1C0X9zmAZC-JClDm,-MB48ZFGuTp1xQsDziBG,,,Pompe,1,SALMSON,SIRIUX-D 32-70,2091538,2007,,En service,Equipements/-Mx_-Te298025awzl8lA/-Mx_088FD3tgzMLbqtYB/-Mx_9iAX26bisgmM69zV/photoPlaque/20220314_160347136_82fQMap5EoZWpIE5zG0nTDo7TDy2_Photo.jpg,Pompe
-Md2trdF12ugHJCq4VDD.-MlKs0PRAhAW1CFGki8n.-MpkS7WJgRRtyvuifQWa,-L6SNUEU8xUUlacXQtNx,-L6W1EKYi_ItNbhdlkXB,-L6SNFdmDhz33UT6SH0J,-L6SNUEU8xUUlacXQtNx,,Pompe de relevage,1,master pumps,MPS900VI,016,02/2017,,En service,Equipements/-Md2trdF12ugHJCq4VDD/-MlKs0PRAhAW1CFGki8n/-MpkS7WJgRRtyvuifQWa/photoPlaque/20211130_104731538_jMQOROgCN2arK2RpcI2cQldk1W02_Photo.jpg,Pompe
-O2PiylCG788b5KrxX0s.-O5E0gClu0M1V30gG7s_.-O5wHgz_vCTMK-4m40fA,-LmitzeW9hEZdbrl1qac,-L6W1C0X9zmAZC-JClDm,-Lmie7YCBmAFzXqUon5r,-LmitzeW9hEZdbrl1qac,,Radiateur à eau,1,,,,1900,,En service,Equipements/-O2PiylCG788b5KrxX0s/-O5E0gClu0M1V30gG7s_/-O5wHgz_vCTMK-4m40fA/photoPlaque/20240904_090845158_WGpRoXbJpDhMbESMiyuNu4VDGwJ2_Photo.jpg,Emetteur
-M-Kk9lqArlOhxklNDNh.-M-Uy-3bkjyf7fxfvigf.-M-VXjjG53UKPd3xFCSQ,-LmjHA0W-Cd_G8rKwhW4,-L6W1C0X9zmAZC-JClDm,-Lmie7YCBmAFzXqUon5r,-LmjHA0W-Cd_G8rKwhW4,,Split-system - unité intérieure,1,DAIKIN,,2714123,01/01/2007,,En service,Equipements/-M-Kk9lqArlOhxklNDNh/-M-Uy-3bkjyf7fxfvigf/-M-VXjjG53UKPd3xFCSQ/photoPlaque/20200610_065531780_QFQ2QOBva4RRQbRfFFh4JmoUtUo1_Photo.jpg,Emetteur
-OAYJO-35e1fWxnHdCnn.-OAYKE_wtWAQVRTc7QL0.-OAYLkU6gZGlilCLW76b,-Lmiq9m9TzJAzFQwln__,-L6W1C0X9zmAZC-JClDm,-Lmie7YCBmAFzXqUon5r,-Lmiq9m9TzJAzFQwln__,,Ventilo-convecteur,1,CARRIER,42NZS30F-A--,B201 7013187,,,En service,Equipements/-OAYJO-35e1fWxnHdCnn/-OAYKE_wtWAQVRTc7QL0/-OAYLkU6gZGlilCLW76b/photoPlaque/20241128_084220528_8baikldVR4c63FOJCFRBoN6VdKh1_Photo.jpg,Emetteur
-Nh_mMzPdbnOMA5RGs_E.-Nh_nAkAs8U1_N7IIfVt.-Nh_pCUduUULe1w-JWBc,-LmiqcD61XwSvI3HuNfv,-L6W1C0X9zmAZC-JClDm,-Lmie7YCBmAFzXqUon5r,-Lmiq9m9TzJAzFQwln__,-LmiqcD61XwSvI3HuNfv,Cassette plafonnière,1,Carrier,42 GWE 008,02ani29970,2002,Bureau 127,,Equipements/-Nh_mMzPdbnOMA5RGs_E/-Nh_nAkAs8U1_N7IIfVt/-Nh_pCUduUULe1w-JWBc/photoPlaque/20231219_110146465_at67DXWhyWXttWoOEHIM4tPF7yY2_Photo.jpg,Emetteur
-MpLOyLqNqHuNcwwtS3b.-MplSe83VISwB5vUcjko.-Mq_3Ox_K3UhLgrTjFYE,-Lmiq9m9TzJAzFQwln__,-L6W1C0X9zmAZC-JClDm,-Lmie7YCBmAFzXqUon5r,-Lmiq9m9TzJAzFQwln__,,Ventilo-convecteur,1,CIAT,MAJOR 127 CV 2NG THER+INV,5850531,,,En service,Equipements/-MpLOyLqNqHuNcwwtS3b/-MplSe83VISwB5vUcjko/-Mq_3Ox_K3UhLgrTjFYE/photoPlaque/20211214_104148322_LR6g2zA76sYTeiUTfGMoRRktcZt2_Photo.jpg,Emetteur
-O2TYvwQjNQjQEC0fzwp.-O2TtiGLaEcqaQhrOVAB.-O2TuLjgodRuPuVxd-tt,-Lmnjt9jBRLZCt1e3woN,-L6W1CskVQMe43Y3oFbu,-L6SNFRvFPdkP5it-h-I,-Lmnjt9jBRLZCt1e3woN,,Armoire de commande,1,sarel,,,1 994,,En service,Equipements/-O2TYvwQjNQjQEC0fzwp/-O2TtiGLaEcqaQhrOVAB/-O2TuLjgodRuPuVxd-tt/photoPlaque/20241112_120229338_QFQ2QOBva4RRQbRfFFh4JmoUtUo1_Photo.jpg,Armoire électrique
-NgXtb7AGShSveOzUunm.-NgwhUpWIyyRYuYtD2Uz.-Ngww5nf_jdoIVbgC57n,-L6W1CtDDycktRnlxDK5,-L6W1CskVQMe43Y3oFbu,-L6SNFRvFPdkP5it-h-I,-L6W1CtDDycktRnlxDK5,,Armoire divisionnaire,1,Schneider,,,2021,,En service,Equipements/-NgXtb7AGShSveOzUunm/-NgwhUpWIyyRYuYtD2Uz/-Ngww5nf_jdoIVbgC57n/photoPlaque/20231026_061551749_QFQ2QOBva4RRQbRfFFh4JmoUtUo1_Photo.jpg,Armoire électrique
-N2BAq0pE-tNboA_X9V5.-N5L0E49y9A_Vr85Lf6w.-N6Sm3nlv2WsrGRlNrgO,-Lmnjt9jBRLZCt1e3woN,-L6W1CskVQMe43Y3oFbu,-L6SNFRvFPdkP5it-h-I,-Lmnjt9jBRLZCt1e3woN,,Armoire de commande,1,SCHNEIDER,NSYS3D10825P,1029 15401519,,,En service,Equipements/-N2BAq0pE-tNboA_X9V5/-N5L0E49y9A_Vr85Lf6w/-N6Sm3nlv2WsrGRlNrgO/photoPlaque/20220708_142956577_r1EE0Ucuo5OOZrfWGSPOFy9n0st2_Photo.jpg,Armoire électrique
-MYjr90sVTsupkqU4Ric.-MZ-mixmoC85wpQmWwvw.-Me5KqJkd6DBHUdIWyix,-L6SNFRvFPdkP5it-h-I,-L6W1CskVQMe43Y3oFbu,-L6SNFRvFPdkP5it-h-I,,,Armoire électrique,1,,,,,,En service,Equipements/-MYjr90sVTsupkqU4Ric/-MZ-mixmoC85wpQmWwvw/-Me5KqJkd6DBHUdIWyix/photoPlaque/20210708_133920218_eAjoLpKoK2XDIt0w1AXKmT8yK5o2_Photo.jpg,Armoire électrique
-NfGO3L94vxRsMTAKyKc.-NfRKsyIRqSiTsrqHOzn.-NgcxBDaGzWLae9oMg9H,-L6SNFRvFPdkP5it-h-I,-L6W1CskVQMe43Y3oFbu,-L6SNFRvFPdkP5it-h-I,,,Armoire électrique,0,,,,,,En service,Equipements/-NfGO3L94vxRsMTAKyKc/-NfRKsyIRqSiTsrqHOzn/-NgcxBDaGzWLae9oMg9H/photoPlaque/20231013_141407419_QMEkLn6HcveArmtsAOqXyN9bRm62_Photo.jpg,Armoire électrique
-N-3eH9ONccgvzSdWjwI.-N-gW75U6x9iEjrB-jVF.-N1y5-HO16ujSpen391Q,-L6SNOx7KWmaNoULCSsI,-L6W1C0X9zmAZC-JClDm,-L6SNIJ6-2j6-17fnheD,-L6SNOx7KWmaNoULCSsI,,Climatiseur,1,FUJITSU,ASYG18LFCA,EO03038,2011,,En service,Equipements/-N-3eH9ONccgvzSdWjwI/-N-gW75U6x9iEjrB-jVF/-N1y5-HO16ujSpen391Q/photoPlaque/20220517_111820621_S99VJI9EMrOeFlzUtiAEM2nTOhL2_Photo.jpg,Système de climatisation
-NvWFta2Ok3_d1pSGh_V.-Nvf5AlisW6aWhEYWge1.-NvgEfyibjsQQvVsk3gk,-MHGmd2k274sFDJPeA0l,-L6W1C0X9zmAZC-JClDm,-L6SNIJ6-2j6-17fnheD,-MHGmd2k274sFDJPeA0l,,Unité extérieure,,AIRWELL,AWAU-YCV180-H13,2088,2019,,En service,Equipements/-NvWFta2Ok3_d1pSGh_V/-Nvf5AlisW6aWhEYWge1/-NvgEfyibjsQQvVsk3gk/photoPlaque/20240417_132854909_TY58IP2fzPa5F596Rpc4GaqptjX2_Photo.jpg,Système de climatisation
-NtHRPPIWbAg_qxYCefk.-NtS6bRjVZ7rrJ0tCIFg.-NvHm3WV7NC_9SeqBV7r,-L6SNOx7KWmaNoULCSsI,-L6W1C0X9zmAZC-JClDm,-L6SNIJ6-2j6-17fnheD,-L6SNOx7KWmaNoULCSsI,,Climatiseur,1,AIRWELL , AWSI-HDDO09-N11,7SP022852,2015,,En service,Equipements/-NtHRPPIWbAg_qxYCefk/-NtS6bRjVZ7rrJ0tCIFg/-NvHm3WV7NC_9SeqBV7r/photoPlaque/20240412_104922727_Un8C9o9GNvSMrwgzApp7mdqAfH02_Photo.jpg,Système de climatisation
-O12HhCS9XnIuSHtzQL6.-O12IsaNfvkqz53W78Yw.-O12J3l-ZXkbqBZuHvZ1,-LmengAraY6QMveFAGaK,-L6W1C0X9zmAZC-JClDm,-L6SNIJ6-2j6-17fnheD,-LmengAraY6QMveFAGaK,,Climatiseur multi-split,1,DAIKIN,5MXS90E3V3B2,JO42729,2019,Multisplit 101 - Terrasse AB - La TAUVRAIS,En service,Equipements/-O12HhCS9XnIuSHtzQL6/-O12IsaNfvkqz53W78Yw/-O12J3l-ZXkbqBZuHvZ1/photoPlaque/20240731_100759260_HttXMCdc3OfszshG25tGpqw9zTz1_Photo.jpg,Système de climatisation
-O2xQJpTXxX0rZNWANkp.-O5SL_EOcjnwsNxZh5sp.-O60_TCJQNBiMukPbdrb,-LmengAraY6QMveFAGaK,-L6W1C0X9zmAZC-JClDm,-L6SNIJ6-2j6-17fnheD,-LmengAraY6QMveFAGaK,,Climatiseur multi-split,1,DAIKIN,5MXS90E3V3B2,J001054  2015/03,2015,,Standby,Equipements/-O2xQJpTXxX0rZNWANkp/-O5SL_EOcjnwsNxZh5sp/-O60_TCJQNBiMukPbdrb/photoPlaque/20240905_114907213_iMs3oWTewkVcK30XOHDhaG8LVa43_Photo.jpg,Système de climatisation
-MmNEfAFe7z1NVY3TF0l.-MsnonRfoYpD2KebVSYQ.-Mso3Yb5CbDjed1soRVN,-L6W1CR7OzBB6_M56xjz,-L6W1C0X9zmAZC-JClDm,-L6SNFxpdqo1MAwMj0gT,-L6W1CR7OzBB6_M56xjz,,Extracteur,1,FRANCE AIR,CBM-9/9 550 4P,,2017,,A l'arrêt,Equipements/-MmNEfAFe7z1NVY3TF0l/-MsnonRfoYpD2KebVSYQ/-Mso3Yb5CbDjed1soRVN/photoPlaque/HB EXT 20.jpg,Ventilateur mécanique
-NU5ykJK8_mgGAvrUUht.-NV3gvlDmoR0ZDGvyq85.-NWfVNyxIv55O7A4Qx6V,-L6W1CR7OzBB6_M56xjz,-L6W1C0X9zmAZC-JClDm,-L6SNFxpdqo1MAwMj0gT,-L6W1CR7OzBB6_M56xjz,,Extracteur,1,CIAT,AIRACCES 15 BLOC A3 L21 GMVE,03285346/0001,2021,Non indiqué,A l'arrêt,Equipements/-NU5ykJK8_mgGAvrUUht/-NV3gvlDmoR0ZDGvyq85/-NWfVNyxIv55O7A4Qx6V/photoPlaque/20230530_071442441_YCHYZ4TjtWe0PH9S9qGKqPNhFWV2_Photo.jpg,Ventilateur mécanique
-NZPmWIDpTepAiKOSn-a.-N_tntgtPghRyliIQCsK.-NazZAYGZtTNlSB6eb_v,-L6W1CQs4rDtvyfhdSUI,-L6W1C0X9zmAZC-JClDm,-L6SNFxpdqo1MAwMj0gT,-L6W1CQs4rDtvyfhdSUI,,VMC simple flux,1,ALDES,VEKITA 1000,,,,En service,Equipements/-NZPmWIDpTepAiKOSn-a/-N_tntgtPghRyliIQCsK/-NazZAYGZtTNlSB6eb_v/photoPlaque/20230804_080132085_PDFK2i1oi2OY0NH5JJM2dva9T5W2_Photo.jpg,Ventilateur mécanique
-NfkxHvwme9R5pRhY76X.-Nfoje7_w4Mb1jM4jim9.-Nfojwigwg48i9_HWCiU,-L6W1CR7OzBB6_M56xjz,-L6W1C0X9zmAZC-JClDm,-L6SNFxpdqo1MAwMj0gT,-L6W1CR7OzBB6_M56xjz,,Extracteur,,,,,,,,Equipements/-NfkxHvwme9R5pRhY76X/-Nfoje7_w4Mb1jM4jim9/-Nfojwigwg48i9_HWCiU/photoPlaque/20231026_103907353_TLYwygFlVugeTDYBF3zi9Fdx7LY2_Photo.jpg,Ventilateur mécanique
-NzcVmvHIFWOhVmNoo0V.-O-aW-eyOrv26FDuGU9T.-O0sW40WyN4hwIKK6k-k,-LmexPyTNFY5HGpvz51k,-L6W1C0X9zmAZC-JClDm,-L6SNFxpdqo1MAwMj0gT,-L6W1CQUP9ZLE4fS6m-1,,Tourelle d'extraction,1,VIM,CR 190,E1192,,,A l'arrêt,Equipements/-NzcVmvHIFWOhVmNoo0V/-O-aW-eyOrv26FDuGU9T/-O0sW40WyN4hwIKK6k-k/photoPlaque/20240911_144232870_NtwHJqvFE4c4TKfm48gq6I1rp8E3_Photo.jpg,Ventilateur mécanique
-O0nPhxvgFZ21lgROamU.-O0ni0pPvs_j-yGEAow6.-O0nioxFReQfqee12Oft,-L6SNIaRkTVCl6dhp_VD,-L6W1BJQbGzHDGMqrJlu,-L6SNGIjZLVi04tTfF7D,-L6SNIaRkTVCl6dhp_VD,,Compteur gaz,1,,,,,,En service,Equipements/-O0nPhxvgFZ21lgROamU/-O0ni0pPvs_j-yGEAow6/-O0nioxFReQfqee12Oft/photoPlaque/20240729_142113746_7zvaBTA6U1P4qEQiF4k7m38dyN63_Photo.jpg,Compteur
-MFZztr-4rNpRxE7n3rv.-MHWWB-CqpGODNuzJjc2.-MHWxQuyRrQnA5kZj-Um,-Lwry5uN62JInEG6vc1V,-L6W1BJQbGzHDGMqrJlu,-L6SNGIjZLVi04tTfF7D,-Lwry5uN62JInEG6vc1V,,Compteur eau général,,ITRON,NARVAL,D 33564 000473,,,En service,Equipements/-MFZztr-4rNpRxE7n3rv/-MHWWB-CqpGODNuzJjc2/-MHWxQuyRrQnA5kZj-Um/photoPlaque/20201027_090123625_eAjoLpKoK2XDIt0w1AXKmT8yK5o2_Photo.jpg,Compteur
-O8bTVat4nj4iTyNrmkN.-O8boKYSi2dgv_h6rBeH.-OC7mj6rGofMNfoEnL9-,-L6SNGIjZLVi04tTfF7D,-L6W1BJQbGzHDGMqrJlu,-L6SNGIjZLVi04tTfF7D,,,Compteur,,DIEHL,ALTAIR,C20FE000644,,,En service,Equipements/-O8bTVat4nj4iTyNrmkN/-O8boKYSi2dgv_h6rBeH/-OC7mj6rGofMNfoEnL9-/photoPlaque/20241120_085821872_YV35mTnaF3P87YNnEgGdkTV9KRr1_Photo.jpg,Compteur
-O49ga94wGilikpAb8xE.-O49v0QLrJZhZNPmtTUy.-O49v9qtHeW97YRNvLZL,-L6W1BKQmyYoeBokNXSJ,-L6W1BJQbGzHDGMqrJlu,-L6SNGIjZLVi04tTfF7D,-L6W1BKQmyYoeBokNXSJ,,Compteur d'énergie,1,Sharky,775 Bi 32/260,,2018,,,Equipements/-O49ga94wGilikpAb8xE/-O49v0QLrJZhZNPmtTUy/-O49v9qtHeW97YRNvLZL/photoPlaque/20240827_160200061_ppbqDCsx9xXwc7PhAjZmyXI5Bb13_Photo.jpg,Compteur
-NzgihSnqraEAKmq6A2H.-O-KdKbf0bTZiHQ0hceG.-O0sbkrvkf1Nl2ByKykx,-L6SNIaRkTVCl6dhp_VD,-L6W1BJQbGzHDGMqrJlu,-L6SNGIjZLVi04tTfF7D,-L6SNIaRkTVCl6dhp_VD,,Compteur gaz,1,ALIDTE,SM-RI- X-K,64870,,,,Equipements/-NzgihSnqraEAKmq6A2H/-O-KdKbf0bTZiHQ0hceG/-O0sbkrvkf1Nl2ByKykx/photoPlaque/20241017_134113987_pDVAilQzISZyqRwrQ68bseGN8ll1_Photo.jpg,Compteur
-O0t51Rq0WR32KaFRdvu.-O0tJRUBuAoy8g8GcuEe.-O1GiaHBZezYhpYLEIsS,-L6SNEsBahuWJnp4gKy5,-L6W1C0X9zmAZC-JClDm,-L6SNEsBahuWJnp4gKy5,,,CTA,1,GEA,CAIRPLUS064.064IVBV,628729.0110,2015,,En service,Equipements/-O0t51Rq0WR32KaFRdvu/-O0tJRUBuAoy8g8GcuEe/-O1GiaHBZezYhpYLEIsS/photoPlaque/20241010_150524811_NWkZGllqJFSJeUoM09Vzz1KonWn1_Photo.jpg,CTA
-NlNFiXU-W3agFrum6B9.-NlNHk-tSCZqZZ5qywm8.-Nriwyq9Hkq_Nvy4zA2i,-L6SNEsBahuWJnp4gKy5,-L6W1C0X9zmAZC-JClDm,-L6SNEsBahuWJnp4gKy5,,,CTA,1,GEA,ATP15 06IVBV,0795.164961.0600,,,En service,Equipements/-NlNFiXU-W3agFrum6B9/-NlNHk-tSCZqZZ5qywm8/-Nriwyq9Hkq_Nvy4zA2i/photoPlaque/20240228_100600450_jxkPmUxOyeNgl0jNj34pFLQ0N6F2_Photo.jpg,CTA
-NlNFiXU-W3agFrum6B9.-NlNHk-tSCZqZZ5qywm9.-NlNHvheiLB_wGbiMX1R,-L6SNEsBahuWJnp4gKy5,-L6W1C0X9zmAZC-JClDm,-L6SNEsBahuWJnp4gKy5,,,CTA,1,TRANE,3-SE-5,92-50-026,,NORD,En service,Equipements/-NlNFiXU-W3agFrum6B9/-NlNHk-tSCZqZZ5qywm9/-NlNHvheiLB_wGbiMX1R/photoPlaque/20240223_195949628_jxkPmUxOyeNgl0jNj34pFLQ0N6F2_Photo.jpg,CTA
-O-l-GNDsjucekHVWbrq.-O-l4apiVnGVExdQBlRM.-O20HVncd_enKHBiy4XG,-L6SNEsBahuWJnp4gKy5,-L6W1C0X9zmAZC-JClDm,-L6SNEsBahuWJnp4gKy5,,,CTA,1,WOLF,KGTE 96,,2013,,En service,Equipements/-O-l-GNDsjucekHVWbrq/-O-l4apiVnGVExdQBlRM/-O20HVncd_enKHBiy4XG/photoPlaque/20240828_091246929_QMEkLn6HcveArmtsAOqXyN9bRm62_Photo.jpg,CTA
-NV_Bss0KL-pl6dyQabG.-NWfjfoGIMTpQNqHBhvR.-NicruNWch_dYX3RCs36,-L6W1CLggE_lVrUNI974,-L6W1C0X9zmAZC-JClDm,-L6SNEsBahuWJnp4gKy5,-L6W1CLggE_lVrUNI974,,CTA simple flux,0,CARRIER,,OF03584708,,,A l'arrêt,Equipements/-NV_Bss0KL-pl6dyQabG/-NWfjfoGIMTpQNqHBhvR/-NicruNWch_dYX3RCs36/photoPlaque/20231107_092247994_TOBU3RGlusbNATCwR2md4xfTbQJ2_Photo.jpg,CTA
-NkyiHu1rtLBukwIyCC8.-Nl9GfrXGvG_qbxuptcT.-Nl9I3-xlMl5wQ8sj-md,-M5bWCj_ARcrSdBjXQMg,-L6W1EKYi_ItNbhdlkXB,-M5bU9ZYvaaZILo_3Aow,-M5bWCj_ARcrSdBjXQMg,,Vanne 3 voies (V3V),1,LANDIS & GYR,SOK33.00,910121,,,En service,Equipements/-NkyiHu1rtLBukwIyCC8/-Nl9GfrXGvG_qbxuptcT/-Nl9I3-xlMl5wQ8sj-md/photoPlaque/20231218_104603011_kE9xr7C74Caj5MtCnRCO7sv6Kap1_Photo.jpg,Vanne
-NBw5DQx5Aj8r89Vdji_.-NGMhcXsmrEx5sxW7cGo.-NKw2o1PjGmC341dPe2A,-M5b_AY5pd6JjbboAL34,-L6W1EKYi_ItNbhdlkXB,-M5bU9ZYvaaZILo_3Aow,-M5b_AY5pd6JjbboAL34,,Vanne d'équilibrage,0,OVENTROP,DN80,,,,En service,Equipements/-NBw5DQx5Aj8r89Vdji_/-NGMhcXsmrEx5sxW7cGo/-NKw2o1PjGmC341dPe2A/photoPlaque/20230104_101557508_SBC8RdJFpUcI9Kf8w3DG90QWNgn1_Photo.jpg,Vanne
-NJebekjFELv5CjnZuhx.-NJj8_wv4ng7_mgsNBHT.-NJjDb0I12DkzTEDtnYs,-M5bVvbF19BF037AZL6I,-L6W1EKYi_ItNbhdlkXB,-M5bU9ZYvaaZILo_3Aow,-M5bVvbF19BF037AZL6I,,Vanne 3 voies motorisée (V3V),1,KIEBACK ET PETER,RB 25 MD,,,,En service,Equipements/-NJebekjFELv5CjnZuhx/-NJj8_wv4ng7_mgsNBHT/-NJjDb0I12DkzTEDtnYs/photoPlaque/20230117_142958870_gfcQewrHMUNDNNkeYSgw5F0ZWH03_Photo.jpg,Vanne
-NzcU42cJ5xA__TUl4jV.-O-ogLJixBGVtHjSNuMp.-O-pmypaRGk81YeHBa3C,-M5bco1nxPOWOV-tne30,-L6W1EKYi_ItNbhdlkXB,-M5bU9ZYvaaZILo_3Aow,-M5bco1nxPOWOV-tne30,,Vanne 2 voies motorisée (V2V),1,,,,,,En service,Equipements/-NzcU42cJ5xA__TUl4jV/-O-ogLJixBGVtHjSNuMp/-O-pmypaRGk81YeHBa3C/photoPlaque/20240620_151848375_Uy4OUJqtrcWfsucy3JRxMveDSsr1_Photo.jpg,Vanne
-L_7LxIj6fAtn3ceqtIb.-L_7Q2nV2WVudB9_AIQG.-MMVSXdTDtMCCuSKLGQ-,-M5bVvbF19BF037AZL6I,-L6W1EKYi_ItNbhdlkXB,-M5bU9ZYvaaZILo_3Aow,-M5bVvbF19BF037AZL6I,,Vanne 3 voies motorisée (V3V),1,,,,,,,Equipements/-L_7LxIj6fAtn3ceqtIb/-L_7Q2nV2WVudB9_AIQG/-MMVSXdTDtMCCuSKLGQ-/photoPlaque/20201119_122415917_VNxAGmTr7nV9pahV9AOQwgRRzlE3_Photo.jpg,Vanne
-MZMZG4fLgP6UtLDdopr.-MZTe6PzaJ_jUGKRLOdr.-Mj8QyxpXOYK2AvUhDrl,-LmpECX1nhCyoRe1zGkK,-L6W1EKYi_ItNbhdlkXB,-L6SNHi9LWQ6rUfpsIG8,-LmpECX1nhCyoRe1zGkK,,Ballon ECS électrique,1,,CM30SRE,,,,En service,Equipements/-MZMZG4fLgP6UtLDdopr/-MZTe6PzaJ_jUGKRLOdr/-Mj8QyxpXOYK2AvUhDrl/photoPlaque/20210909_073439688_QSEOzZW40lT96q5LjViXwIByYTq1_Photo.jpg,Production et stockage ECS
-NalYKfLKmM_iGkYbGmx.-NuiXbda71ZMJoWr96dU.-Nuyyehsa9QOaUb4xR8N,-LmpEmVc3jgnwLWXTJxR,-L6W1EKYi_ItNbhdlkXB,-L6SNHi9LWQ6rUfpsIG8,-LmpEmVc3jgnwLWXTJxR,,Ballon de stockage ECS,1,,EVI 3003,7261771000896,,,,Equipements/-NalYKfLKmM_iGkYbGmx/-NuiXbda71ZMJoWr96dU/-Nuyyehsa9QOaUb4xR8N/photoPlaque/20240409_144331943_hphMSNf2lGbB7t0bzy5xwOyb5j22_Photo.jpg,Production et stockage ECS
-Mt27M8irJ216GoK61NZ.-Mt2CGv5rqWRmmaKb9ER.-Mt2E3350Ibb4WDOUKG_,-L6W1Euh1qjMYxAM3K4_,-L6W1EKYi_ItNbhdlkXB,-L6SNHi9LWQ6rUfpsIG8,-L6W1Euh1qjMYxAM3K4_,,Mitigeur thermostatique,1,Thermeram,DN 50,,2010,vestiaire,En service,Equipements/-Mt27M8irJ216GoK61NZ/-Mt2CGv5rqWRmmaKb9ER/-Mt2E3350Ibb4WDOUKG_/photoPlaque/20220330_084420666_wGqjwuN3cKbLoQxjT6WRePgxU983_Photo.jpg,Production et stockage ECS
-NHjHqSLCl1Lqi7WQ486.-NHjXwiI8RsUI7a83fQN.-NPaop4-Z0XUuw-CKO8v,-LmpECX1nhCyoRe1zGkK,-L6W1EKYi_ItNbhdlkXB,-L6SNHi9LWQ6rUfpsIG8,-LmpECX1nhCyoRe1zGkK,,Ballon ECS électrique,,DE DIETRICH,,8013603299,1980,,En service,Equipements/-NHjHqSLCl1Lqi7WQ486/-NHjXwiI8RsUI7a83fQN/-NPaop4-Z0XUuw-CKO8v/photoPlaque/20230303_093527440_Fo3pJ4FFcETbmW2UGKXeOZN4Edg1_Photo.jpg,Production et stockage ECS
-N4RszU3SBO9Y9MF-Isb.-N4S1k13qNmy9CRYVzXi.-N4SeOeco5GynK4y9WGD,-LmpEmVc3jgnwLWXTJxR,-L6W1EKYi_ItNbhdlkXB,-L6SNHi9LWQ6rUfpsIG8,-LmpEmVc3jgnwLWXTJxR,,Ballon de stockage ECS,1,CHAROT,1500 litres,,,,,Equipements/-N4RszU3SBO9Y9MF-Isb/-N4S1k13qNmy9CRYVzXi/-N4SeOeco5GynK4y9WGD/photoPlaque/20220907_122521844_2GNMGtYJsoOHg47a0jL4Dib7ZRw1_Photo.jpg,Production et stockage ECS
-O2PiylCG788b5KrxX0s.-O5E0gCouKQ9Ps_KVty4.-OARc1VujZ09b5bWfHZB,-L6W1DjEiv1Zun9D6SN0,-L6W1DWAeZx82KP4rzgO,-L6SNHMtZpusQlc9gglA,-L6W1DjEiv1Zun9D6SN0,,Extincteur au CO2,1,,,,2015,,En service,Equipements/-O2PiylCG788b5KrxX0s/-O5E0gCouKQ9Ps_KVty4/-OARc1VujZ09b5bWfHZB/photoPlaque/20241030_085232770_WGpRoXbJpDhMbESMiyuNu4VDGwJ2_Photo.jpg,Extincteur
-L_7LxIj6fAtn3ceqtIb.-Lbe6BjmDRUTwMHDPJy1.-LcC7k4rXneiDKO5iNS4,-L6W1DjEiv1Zun9D6SN0,-L6W1DWAeZx82KP4rzgO,-L6SNHMtZpusQlc9gglA,-L6W1DjEiv1Zun9D6SN0,,Extincteur au CO2,6,Lutincendie,,,2009,,En service,Equipements/-L_7LxIj6fAtn3ceqtIb/-Lbe6BjmDRUTwMHDPJy1/-LcC7k4rXneiDKO5iNS4/photoPlaque/20190412_154015_VNxAGmTr7nV9pahV9AOQwgRRzlE3_Photo.jpg,Extincteur
-O2PiylCG788b5KrxX0s.-O5E0gClu0M1V30gG7s_.-O5w0hgRGLlhNbJFuQTP,-L6W1DjEiv1Zun9D6SN0,-L6W1DWAeZx82KP4rzgO,-L6SNHMtZpusQlc9gglA,-L6W1DjEiv1Zun9D6SN0,,Extincteur au CO2,1,,,,2020,,En service,Equipements/-O2PiylCG788b5KrxX0s/-O5E0gClu0M1V30gG7s_/-O5w0hgRGLlhNbJFuQTP/photoPlaque/20240904_075451711_WGpRoXbJpDhMbESMiyuNu4VDGwJ2_Photo.jpg,Extincteur
-MYjr90sVTsupkqU4Ric.-MZ-mixJtB5lYuRK8BNv.-MhIPdtwEsUsobPLi_zM,-L6W1DjEiv1Zun9D6SN0,-L6W1DWAeZx82KP4rzgO,-L6SNHMtZpusQlc9gglA,-L6W1DjEiv1Zun9D6SN0,,Extincteur au CO2,1,ROT,,,2012,local électrique,En service,Equipements/-MYjr90sVTsupkqU4Ric/-MZ-mixJtB5lYuRK8BNv/-MhIPdtwEsUsobPLi_zM/photoPlaque/20210817_092814394_wS3OJa5JSTPq9a07S5EXWdUkvZN2_Photo.jpg,Extincteur
-Nq2cU-3DqHZBC-Neg0I.-Nq2fBTqaVyAVdvezQlO.-O0rYO6iGxwet9Z75dpD,-L6W1DicctYfiV67xnN1,-L6W1DWAeZx82KP4rzgO,-L6SNHMtZpusQlc9gglA,-L6W1DicctYfiV67xnN1,,Extincteur à eau avec additif,1,DESAUTEL ,21A,,,,En service,Equipements/-Nq2cU-3DqHZBC-Neg0I/-Nq2fBTqaVyAVdvezQlO/-O0rYO6iGxwet9Z75dpD/photoPlaque/20240703_074502986_WWewGGo4u1VJ704FtGHsLn4wxUn1_Photo.jpg,Extincteur
-N_d7iekFbzK4eei2osR.-NL1u6AYmRFFBsG3bvRn.-NPXdyHi-s3KCBrNzAsX,-L6SNj-ygf1kjxd0fy8h,-L6W1CskVQMe43Y3oFbu,-L6SNHBwNGVaUTvtfvtc,-L6SNj-ygf1kjxd0fy8h,,BAES,0,,,,,,,Equipements/-N_d7iekFbzK4eei2osR/-NL1u6AYmRFFBsG3bvRn/-NPXdyHi-s3KCBrNzAsX/photoPlaque/20230302_150937334_8L00yspfGEhIdvdqm0pBS6Z7ITl1_Photo.jpg,Éclairage de sécurité
-MbqecEWcVtSSQDkbeQu.-Mbqg-9QdNeFMWQVU28q.-MdwitplD12hQ2KLnBjb,-L6SNj-ygf1kjxd0fy8h,-L6W1CskVQMe43Y3oFbu,-L6SNHBwNGVaUTvtfvtc,-L6SNj-ygf1kjxd0fy8h,,BAES,1,,,,,,,Equipements/-MbqecEWcVtSSQDkbeQu/-Mbqg-9QdNeFMWQVU28q/-MdwitplD12hQ2KLnBjb/photoPlaque/20210712_100513425_RXtnKsxa2mMB9MQDM5cyHQLjOnp1_Photo.jpg,Éclairage de sécurité
-NxIR_X37jcVXkgnUAUq.-Nxl-lzZp1sHLrXW1k1v.-Nyz56192scUnwBTIMOh,-Lr482I6CeJeOpqut35S,-L6W1CskVQMe43Y3oFbu,-L6SNHBwNGVaUTvtfvtc,-Lr482I6CeJeOpqut35S,,BAPI,1,EATON,LP 50 LUM10131,2068 18/47,,,En service,Equipements/-NxIR_X37jcVXkgnUAUq/-Nxl-lzZp1sHLrXW1k1v/-Nyz56192scUnwBTIMOh/photoPlaque/20240528_120758708_B25JNZu8GjhWjM3oZgAo6LbIbck1_Photo.jpg,Éclairage de sécurité
-NZf7fXYS4TCX66GwEkt.-NazOYUd_N8SBSw6LcIB.-NazObUYQhMiKOTQYKL5,-L6SNj-ygf1kjxd0fy8h,-L6W1CskVQMe43Y3oFbu,-L6SNHBwNGVaUTvtfvtc,-L6SNj-ygf1kjxd0fy8h,,BAES,1,EATON,PLANETE 220 / 45C,,,PC sécurité,A l'arrêt,Equipements/-NZf7fXYS4TCX66GwEkt/-NazOYUd_N8SBSw6LcIB/-NazObUYQhMiKOTQYKL5/photoPlaque/20230804_071554952_9dJHVnP25TZUVAGCucbWwaHPQXC2_Photo.jpg,Éclairage de sécurité
-LExaAilWHrrIln7bQbi.-LJDl_AGCitpzzzJ8-nh.-LJETqNvRvBckkyn5tmN,-L6SNj-ygf1kjxd0fy8h,-L6W1CskVQMe43Y3oFbu,-L6SNHBwNGVaUTvtfvtc,-L6SNj-ygf1kjxd0fy8h,,BAES,8,LEGRAND,,,,,En service,Equipements/-LExaAilWHrrIln7bQbi/-LJDl_AGCitpzzzJ8-nh/-LJETqNvRvBckkyn5tmN/photoPlaque/iTFE_A2018M7J5H10M59S10_Photo 05-07-2018 11.01.24.jpg,Éclairage de sécurité
-M-Kk9lqArlOhxklNDNh.-M-Uy-3bkjyf7fxfvigf.-M-VXk8p4dqTGsxJ8Ej5,-L6SNJQQGUtRW1WL6w4O,-L6W1EKYi_ItNbhdlkXB,-L6SNHZckjuSHO8bgQ1t,-L6SNJQQGUtRW1WL6w4O,,Vase d'expansion,1,VAREM,EXTRAVAREM,,2013,,En service,Equipements/-M-Kk9lqArlOhxklNDNh/-M-Uy-3bkjyf7fxfvigf/-M-VXk8p4dqTGsxJ8Ej5/photoPlaque/20200218_090438568_UwMqFOHMBRMice7Oud8okTW2xuj2_Photo.jpg,Protection des réseaux
-NBw5DQx5Aj8r89Vdji_.-NGRcJk1Xmuw3tQgIEoU.-NGRhJTMw0z8GN9giTUb,-L6SNJQQGUtRW1WL6w4O,-L6W1EKYi_ItNbhdlkXB,-L6SNHZckjuSHO8bgQ1t,-L6SNJQQGUtRW1WL6w4O,,Vase d'expansion,1,GITRAL,MB 25,1953826,2008,,,Equipements/-NBw5DQx5Aj8r89Vdji_/-NGRcJk1Xmuw3tQgIEoU/-NGRhJTMw0z8GN9giTUb/photoPlaque/20230530_124717868_ykFc8efTyCaLYN5BYgOF0d5ZICM2_Photo.jpg,Protection des réseaux
-NU5ykJK8_mgGAvrUUht.-NV3gqD2yCUSpQF_A1ek.-NV3iux_NS-jH5J0yMBM,-Lmp39FzNlKiGxBF68TO,-L6W1EKYi_ItNbhdlkXB,-L6SNHZckjuSHO8bgQ1t,-Lmp39FzNlKiGxBF68TO,,Soupape de sûreté,1,AUTEXIER,06.62.48.51.37,27/7/2022,2024?,ballon d'eau chaude,En service,Equipements/-NU5ykJK8_mgGAvrUUht/-NV3gqD2yCUSpQF_A1ek/-NV3iux_NS-jH5J0yMBM/photoPlaque/20230524_124357933_BVwzjTeFPkOiydWVgOPoQLKENeZ2_Photo.jpg,Protection des réseaux
-MK_4nY0-RHe6qYt0vT7.-N9a1D_kRFoFL5rlBcES.-NA4-88qgoPTp8GpDSUj,-Lmp39FzNlKiGxBF68TO,-L6W1EKYi_ItNbhdlkXB,-L6SNHZckjuSHO8bgQ1t,-Lmp39FzNlKiGxBF68TO,,Soupape de sûreté,1,WATTS,BZ 3-T,26264,,,En service,Equipements/-MK_4nY0-RHe6qYt0vT7/-N9a1D_kRFoFL5rlBcES/-NA4-88qgoPTp8GpDSUj/photoPlaque/20221004_085911680_CKHNZhD9cFaMef502Au5UxOu0Rt2_Photo.jpg,Protection des réseaux
-NDCKnRYfpohZhYmwpyC.-NDUUASVoPlcRVQRU5ul.-NDUX4TIkDxNsnQ6hDTE,-L6SNJQQGUtRW1WL6w4O,-L6W1EKYi_ItNbhdlkXB,-L6SNHZckjuSHO8bgQ1t,-L6SNJQQGUtRW1WL6w4O,,Vase d'expansion,1,CHAUMECA GOMIN ,CUDAP 95,2071434 2550072,1999,,En service,Equipements/-NDCKnRYfpohZhYmwpyC/-NDUUASVoPlcRVQRU5ul/-NDUX4TIkDxNsnQ6hDTE/photoPlaque/20221018_082050847_lMDtDXPIvRMYAqymUrgf28Mgftn1_Photo.jpg,Protection des réseaux
-NHjHqSLCl1Lqi7WQ486.-NHjXu2QWVW0_T-Cz9p3.-NOTpBJn0nWfE4UUq5Z_,-L6W1F2AZruKjnsCWJ3d,-L6W1EKYi_ItNbhdlkXB,-L6SNHjzLpv6ZLXnGr1t,-L6W1F2AZruKjnsCWJ3d,,Filtre,1,JUDO,PROFIMAT PLUS DN65-100,999 0080,2022,Compteur Purge TAR (protection du compteur contre le blocage & surconcentration du circuit),En panne,Equipements/-NHjHqSLCl1Lqi7WQ486/-NHjXu2QWVW0_T-Cz9p3/-NOTpBJn0nWfE4UUq5Z_/photoPlaque/IMG_20230216_113258779.jpg,Traitement d'eau
-MBdTGEClPlYMPUZI2GM.-MBmwv30hYmPPNtTc-te.-MK0brTkPBOte6_5P3ko,-L6W1F5NtsRnWSObFN_a,-L6W1EKYi_ItNbhdlkXB,-L6SNHjzLpv6ZLXnGr1t,-L6W1F5NtsRnWSObFN_a,,Pompe doseuse,1,AQUA DOS,DLX VFT/MBB,,2020,réseau EC,En service,Equipements/-MBdTGEClPlYMPUZI2GM/-MBmwv30hYmPPNtTc-te/-MK0brTkPBOte6_5P3ko/photoPlaque/20201020_101122488_QFQ2QOBva4RRQbRfFFh4JmoUtUo1_Photo.jpg,Traitement d'eau
-MZs75Hx5onY0MzYtvRr.-M_Uj4Z49EMXryLWJfGt.-MhDBDaPWLkPq1xySDNU,-L6SNHjzLpv6ZLXnGr1t,-L6W1EKYi_ItNbhdlkXB,-L6SNHjzLpv6ZLXnGr1t,,,Traitement d'eau,1,?,CTE PCS D,PD 0707682499,?,,En service,Equipements/-MZs75Hx5onY0MzYtvRr/-M_Uj4Z49EMXryLWJfGt/-MhDBDaPWLkPq1xySDNU/photoPlaque/20210816_090201203_cJQU7QCnmSMAsRQsuKeAyKfa3w13_Photo.jpg,Traitement d'eau
-NBXkRfNbQWOgPmxzLEf.-NBXm9hX0T58l065IIod.-NBpr7gEYHBAYe6QzfO_,-Lmowiv7E-dxxo2hvBNf,-L6W1EKYi_ItNbhdlkXB,-L6SNHjzLpv6ZLXnGr1t,-Lmowiv7E-dxxo2hvBNf,,Pot à boue,1,PNEUMATEX,-,,2009,-,En service,Equipements/-NBXkRfNbQWOgPmxzLEf/-NBXm9hX0T58l065IIod/-NBpr7gEYHBAYe6QzfO_/photoPlaque/20220922_124941657_2gVVrAEgxdTvTNqlFE3g1f2bRG33_Photo.jpg,Traitement d'eau
-O2TYvwQjNQjQEC0fzwp.-O2Ttn6jeZ59QsCzll2D.-O2TuLzGs3PqrxxhnKdg,-L6SNHjzLpv6ZLXnGr1t,-L6W1EKYi_ItNbhdlkXB,-L6SNHjzLpv6ZLXnGr1t,,,Traitement d'eau,1,AQUACONTROL,ATHENA type AT.AM.2,28E79757A,2020,,En service,Equipements/-O2TYvwQjNQjQEC0fzwp/-O2Ttn6jeZ59QsCzll2D/-O2TuLzGs3PqrxxhnKdg/photoPlaque/20240808_104852845_BVwzjTeFPkOiydWVgOPoQLKENeZ2_Photo.jpg,Traitement d'eau
-M_KILU2YjdBOU-Ap-fY.-MjmXMdFtZVS8w1OU5sX.-N95bI9jbtVEpXiMJ6qK,-L6W1DuwaI6P3RKsukbS,-L6W1DucxKGbe-oZ2xsl,-L6W1DuwaI6P3RKsukbS,,,,1,EWELLIX,TFG90-23700000-000,1008600260-1,2021,,En service,Equipements/-M_KILU2YjdBOU-Ap-fY/-MjmXMdFtZVS8w1OU5sX/-N95bI9jbtVEpXiMJ6qK/photoPlaque/20230102_155149116_LwTgOdQCCnQLdHbWBPd9NtooekR2_Photo.jpg,
-O2-_jAYuiwnMqeRUxLB.-O2KH6abOLsWfWXrPrwP.-O2M7eX6WbdCwf50T8lr,-LtpzkZQwz_3DTA6PNf9,-L6W1C0X9zmAZC-JClDm,-LtpzkZQwz_3DTA6PNf9,,,,1,LLOYD COILS,,338277,2013,,En service,Equipements/-O2-_jAYuiwnMqeRUxLB/-O2KH6abOLsWfWXrPrwP/-O2M7eX6WbdCwf50T8lr/photoPlaque/20240722_084641501_892MeFxfq3b03K8t9rcuMhEmIaA2_Photo.jpg,
-MZMZG4fLgP6UtLDdopr.-MZTe6RAbtqZNYivyTlp.-MbAXditghLOrPv6L1_Y,-LtpzkZQwz_3DTA6PNf9,-L6W1C0X9zmAZC-JClDm,-LtpzkZQwz_3DTA6PNf9,,,,1,,,,,,En service,Equipements/-MZMZG4fLgP6UtLDdopr/-MZTe6RAbtqZNYivyTlp/-MbAXditghLOrPv6L1_Y/photoPlaque/20210602_070540414_9lyMnnAi5QhMQnN5yNtZzY7T8Vs2_Photo.jpg,
-Md2trdF12ugHJCq4VDD.-Me0uXZPUlJ0lZv2Zjw_.-MezPKLzVCtP2dQsxx-X,-LtpzkZQwz_3DTA6PNf9,-L6W1C0X9zmAZC-JClDm,-LtpzkZQwz_3DTA6PNf9,,,,2,,,,,,En service,Equipements/-Md2trdF12ugHJCq4VDD/-Me0uXZPUlJ0lZv2Zjw_/-MezPKLzVCtP2dQsxx-X/photoPlaque/20211228_142420597_p63twq0ORrStWwKSMicA0Vo79q03_Photo.jpg,
-N8Y-I0dTpdm-QgLa4Fm.-N8Y-VlAUCg1aZLAN6KG.-NGQpJZCmG8FsqpfKB-r,-LtpzkZQwz_3DTA6PNf9,-L6W1C0X9zmAZC-JClDm,-LtpzkZQwz_3DTA6PNf9,,,,1,ROBATHERM,TI-50 15/12,,,,En service,Equipements/-N8Y-I0dTpdm-QgLa4Fm/-N8Y-VlAUCg1aZLAN6KG/-NGQpJZCmG8FsqpfKB-r/photoPlaque/20230102_141627717_OJu2UJLQmBR33OToRwNoKRi735D3_Photo.jpg,
-LExaAilWHrrIln7bQbi.-LGzafW1--zv1T5IkOfn.-LHCm_ss6h4hQJc48_9G,-L6SNOPj9fX9vQHvm8B7,-L6W1C0X9zmAZC-JClDm,-L6SNGZ9_qs8nuR20sRr,-L6SNOPj9fX9vQHvm8B7,,Chaudière gaz,2,GUILLOT,OPTIMAGAZ G348,,2010,,A l'arrêt,Equipements/-LExaAilWHrrIln7bQbi/-LGzafW1--zv1T5IkOfn/-LHCm_ss6h4hQJc48_9G/photoPlaque/OLYSWL271_A2018M6J29H11M46S46_Photo 29-06-2018 11.50.18.jpg,Chaudière
-NqhONho809IsA51fvPf.-NrLRMsCpmGFC-N1DFPR.-O23ulFFyn_CFch99FD4,-L6SNOPj9fX9vQHvm8B7,-L6W1C0X9zmAZC-JClDm,-L6SNGZ9_qs8nuR20sRr,-L6SNONv_0fyuDleEsx8,,Chaudière fioul,1,idéal standart,it 100,012070,,,A l'arrêt,Equipements/-NqhONho809IsA51fvPf/-NrLRMsCpmGFC-N1DFPR/-O23ulFFyn_CFch99FD4/photoPlaque/20240719_110814490_ip9HZLb8XLczyrq0ABH0GFyctE73_Photo.jpg,Chaudière
-NnF0YcjVUTf-Iowv7AB.-NpUv1-Smtz9PJp9cklB.-NpdGByuRRtdiIMCuKYI,-L6SNGZ9_qs8nuR20sRr,-L6W1C0X9zmAZC-JClDm,-L6SNGZ9_qs8nuR20sRr,,,Chaudière,1,VIESSMANN,Vitola uniferral chaudiere sol,U0026,,,,Equipements/-NnF0YcjVUTf-Iowv7AB/-NpUv1-Smtz9PJp9cklB/-NpdGByuRRtdiIMCuKYI/photoPlaque/20240417_145917785_lyj3jzG9zpSJgv8XlKplg5DgJAC2_Photo.jpg,Chaudière
-O49ga94wGilikpAb8xE.-O49v0QKaMgDcXLU5nOh.-O6QxsEP4eCCvOX5CAW3,-L6SNGZ9_qs8nuR20sRr,-L6W1C0X9zmAZC-JClDm,-L6SNGZ9_qs8nuR20sRr,,,Chaudière,1,GUILLOT,B22,,,,A l'arrêt,Equipements/-O49ga94wGilikpAb8xE/-O49v0QKaMgDcXLU5nOh/-O6QxsEP4eCCvOX5CAW3/photoPlaque/20240910_144607960_ppbqDCsx9xXwc7PhAjZmyXI5Bb13_Photo.jpg,Chaudière
-NjMg6aVRsi2LILgj-R5.-NtZmbt-IujufVcuCZi9.-Nt_8n_FvGyILtuW_6Fb,-LmdtRhpN4p_dBWVR-jo,-L6W1C0X9zmAZC-JClDm,-L6SNGZ9_qs8nuR20sRr,-LmdtRhpN4p_dBWVR-jo,,Chaudière à cogénération,1,AISIN,GECC 60 A2,N° 00100290,2013,,En service,Equipements/-NjMg6aVRsi2LILgj-R5/-NtZmbt-IujufVcuCZi9/-Nt_8n_FvGyILtuW_6Fb/photoPlaque/20240322_085500845_yxo6fhSTtkcYnx3tRnmMqPKKDL82_Photo.jpg,Chaudière
-NvkUhFM9gUYR2U5p1tU.-NvlT4BSs-b3u-7rih1l.-O4A0tIWqRWNbToaoFU-,-Lmojtsqg01Hhh6h6WsV,-L6W1CskVQMe43Y3oFbu,-Lmojtsqg01Hhh6h6WsV,,,Éclairage intérieur,2,,,,,tgbt ,En service,Equipements/-NvkUhFM9gUYR2U5p1tU/-NvlT4BSs-b3u-7rih1l/-O4A0tIWqRWNbToaoFU-/photoPlaque/20240813_111813285_QYjZHc85HoZCdhaTcruIMAfL2ut2_Photo.jpg,Éclairage intérieur
-Mq-b8YK-Bw25PzAjmUO.-NHPeRk14p9c6zIF3wK2.-NSFVyNqkwbuM8i3mmAq,-LmokqwwfSRgJ9RryDVz,-L6W1CskVQMe43Y3oFbu,-Lmojtsqg01Hhh6h6WsV,-LmokqwwfSRgJ9RryDVz,,Éclairage sanitaires,4,A compléter,A compléter,,,A compléter,En service,Equipements/-Mq-b8YK-Bw25PzAjmUO/-NHPeRk14p9c6zIF3wK2/-NSFVyNqkwbuM8i3mmAq/photoPlaque/20230405_102434436_aDRK66qf0NbE7Ct3plYlb7RkDwa2_Photo.jpg,Éclairage intérieur
-MpLOyLqNqHuNcwwtS3b.-MplSe83VISwB5vUcjkg.-MuH2JbE84PXWx5wwufJ,-LmokCPziN_CuQScB4z9,-L6W1CskVQMe43Y3oFbu,-Lmojtsqg01Hhh6h6WsV,-LmokCPziN_CuQScB4z9,,Éclairage intérieur - zone de travail,38,Phillips,,,,,En service,Equipements/-MpLOyLqNqHuNcwwtS3b/-MplSe83VISwB5vUcjkg/-MuH2JbE84PXWx5wwufJ/photoPlaque/20220125_162516055_LR6g2zA76sYTeiUTfGMoRRktcZt2_Photo.jpg,Éclairage intérieur
-MaClafcK0Ven5_AIXJI.-MaCymA-_xLJWlk50ywh.-MdGd_iZIgRxdDROyZxD,-Lmojtsqg01Hhh6h6WsV,-L6W1CskVQMe43Y3oFbu,-Lmojtsqg01Hhh6h6WsV,,,Éclairage intérieur,2,trilux,,,,,En service,Equipements/-MaClafcK0Ven5_AIXJI/-MaCymA-_xLJWlk50ywh/-MdGd_iZIgRxdDROyZxD/photoPlaque/20210628_080517453_82QHR9Dy4RUYd7kOfnpkEhM2NOp2_Photo.jpg,Éclairage intérieur
-MaClafcK0Ven5_AIXJI.-MaCttcxmKdCXUYxo3rB.-MdM4Po9iAqfm7Mi-ZVA,-Lmojtsqg01Hhh6h6WsV,-L6W1CskVQMe43Y3oFbu,-Lmojtsqg01Hhh6h6WsV,,,Éclairage intérieur,2,,,,,,En service,Equipements/-MaClafcK0Ven5_AIXJI/-MaCttcxmKdCXUYxo3rB/-MdM4Po9iAqfm7Mi-ZVA/photoPlaque/20210629_092452438_82QHR9Dy4RUYd7kOfnpkEhM2NOp2_Photo.jpg,Éclairage intérieur
-OA1gHZ2JHgo59VL5lXv.-OAwp4jqSimAGbUSbQUt.-OBCOYO4orRgjPC4RW5K,-Lmp23YFVuDFElTt1V14,-L6W1EKYi_ItNbhdlkXB,-Lmp1wDerfKiTqIKSClR,-Lmp23YFVuDFElTt1V14,,Disconnecteur,1,SOCLA,BA2860,32 000541,26/11/2015,Alimentation en eau ville du réseau d'eau glacée,En service,Equipements/-OA1gHZ2JHgo59VL5lXv/-OAwp4jqSimAGbUSbQUt/-OBCOYO4orRgjPC4RW5K/photoPlaque/IMG_1604.jpg,Dispositif anti-pollution
-Na6vagVDtp4n7uCfT4g.-NbFT2kSmU8nkK0V0QCY.-NbFcv9AHXgf6HOpImO-,-Lmp23YFVuDFElTt1V14,-L6W1EKYi_ItNbhdlkXB,-Lmp1wDerfKiTqIKSClR,-Lmp23YFVuDFElTt1V14,,Disconnecteur,1,SOCLA,BA2860 DN15 PN10,,,,En service,Equipements/-Na6vagVDtp4n7uCfT4g/-NbFT2kSmU8nkK0V0QCY/-NbFcv9AHXgf6HOpImO-/photoPlaque/20231003_145821905_HttXMCdc3OfszshG25tGpqw9zTz1_Photo.jpg,Dispositif anti-pollution
-NXjjTVUDlWw6zMflRQr.-NZVUs494fzc2ehKXMTx.-Np04mIqViy41t3iOLyi,-Lmp23YFVuDFElTt1V14,-L6W1EKYi_ItNbhdlkXB,-Lmp1wDerfKiTqIKSClR,-Lmp23YFVuDFElTt1V14,,Disconnecteur,1,socla,ba2760dn20,107254,2013,,En service,Equipements/-NXjjTVUDlWw6zMflRQr/-NZVUs494fzc2ehKXMTx/-Np04mIqViy41t3iOLyi/photoPlaque/20240125_144857727_woYKLLjGtTg6IDq7c71ktq4HFNC3_Photo.jpg,Dispositif anti-pollution
-O2ja5mCIAwRhxo8w_7p.-O78HvHTE5M2SIaXb_rO.-O816vzs4KFyu3Cc_EtH,-Lmp23YFVuDFElTt1V14,-L6W1EKYi_ItNbhdlkXB,-Lmp1wDerfKiTqIKSClR,-Lmp23YFVuDFElTt1V14,,Disconnecteur,,WATTS,,,,,En service,Equipements/-O2ja5mCIAwRhxo8w_7p/-O78HvHTE5M2SIaXb_rO/-O816vzs4KFyu3Cc_EtH/photoPlaque/20240930_085249789_hEQxhGBUxkgSfT6KG20YisPn4VJ3_Photo.jpg,Dispositif anti-pollution
-N5_q-KFmJiRegW2Wt4D.-N7LrjJtVXiRanZVVeap.-N7PamEHkhBXzO6YKEU5,-Lmp23YFVuDFElTt1V14,-L6W1EKYi_ItNbhdlkXB,-Lmp1wDerfKiTqIKSClR,-Lmp23YFVuDFElTt1V14,,Disconnecteur,1,SOCLA,BAZB8O,,,,En service,Equipements/-N5_q-KFmJiRegW2Wt4D/-N7LrjJtVXiRanZVVeap/-N7PamEHkhBXzO6YKEU5/photoPlaque/20220914_064140491_UdGfyNVq7kROEDjCdNvi6ckyUmB3_Photo.jpg,Dispositif anti-pollution
-NytDRTxf6W4cKYWCN_j.-NytEhjwLN8rDyDq9avk.-O8kn2uQCNeYbb_Waij6,-Lb2XaeFqqW1mPadvk_0,-L6W1EKYi_ItNbhdlkXB,-L6SNGGt7kYx58aBgo8M,-Lb2XaeFqqW1mPadvk_0,,Bloc sanitaire,1,,,,2023,,En service,Equipements/-NytDRTxf6W4cKYWCN_j/-NytEhjwLN8rDyDq9avk/-O8kn2uQCNeYbb_Waij6/photoPlaque/20241009_102536073_dkjv6Rw21lRHwz3WkBwL3n77quI3_Photo.jpg,Équipement sanitaire
-NtyyhDhC52UiDNaTRTz.-Nv0w7P-0mRTMy_FfvQZ.-NyV3yVepY3SPBz-kgfk,-L6SNXmy2Od9vCghFXgx,-L6W1EKYi_ItNbhdlkXB,-L6SNGGt7kYx58aBgo8M,-L6SNXmy2Od9vCghFXgx,,WC,2,,,,,,,Equipements/-NtyyhDhC52UiDNaTRTz/-Nv0w7P-0mRTMy_FfvQZ/-NyV3yVepY3SPBz-kgfk/photoPlaque/20240522_133351393_y6J8GZl9cJfl7ePi93UryuEWCd63_Photo.jpg,Équipement sanitaire
-Nw8pnvs5l6Hr_H5PdOh.-NxkN8PhStPtGAms2Ycq.-OBUv7McInEzVFWgK5PZ,-Lb2XaeFqqW1mPadvk_0,-L6W1EKYi_ItNbhdlkXB,-L6SNGGt7kYx58aBgo8M,-Lb2XaeFqqW1mPadvk_0,,Bloc sanitaire,,,,,,,A l'arrêt,Equipements/-Nw8pnvs5l6Hr_H5PdOh/-NxkN8PhStPtGAms2Ycq/-OBUv7McInEzVFWgK5PZ/photoPlaque/20241112_103155201_rFmQ0VUHnRVIPab4CbL9XAKZXw03_Photo.jpg,Équipement sanitaire
-Mq-b8YK-Bw25PzAjmUO.-NoMkP9Thqe72KiEQQnx.-NgTRElF3C6WWoRa1vd2,-Lb2XaeFqqW1mPadvk_0,-L6W1EKYi_ItNbhdlkXB,-L6SNGGt7kYx58aBgo8M,-Lb2XaeFqqW1mPadvk_0,,Bloc sanitaire,1,NICOLL / VITRA / PELLET / ROCA / PRESTO / TORK / ROSSIGNOL,"Voir onglet ""Documents""",,2022,Bloc Sanitaire Vestiaire Femme PMR - SS1 - Noyau Central,En service,Equipements/-Mq-b8YK-Bw25PzAjmUO/-NoMkP9Thqe72KiEQQnx/-NgTRElF3C6WWoRa1vd2/photoPlaque/20231127_112834275_WwKHSDPHtvOOGFbMfPluwtNWJcv1_Photo.jpg,Équipement sanitaire
-MGOta4IEcIY-uw4QUBU.-MHS0tM7peW8RZSQ8L0F.-MHS8CAMiShQKmYodaa0,-Lb2XaeFqqW1mPadvk_0,-L6W1EKYi_ItNbhdlkXB,-L6SNGGt7kYx58aBgo8M,-Lb2XaeFqqW1mPadvk_0,,Bloc sanitaire,1,,,,,,En service,Equipements/-MGOta4IEcIY-uw4QUBU/-MHS0tM7peW8RZSQ8L0F/-MHS8CAMiShQKmYodaa0/photoPlaque/20201106_125518399_UwMqFOHMBRMice7Oud8okTW2xuj2_Photo.jpg,Équipement sanitaire
-NzgihSnqraEAKmq6A2H.-O-KdKbg16xbbE5U3g5p.-O0sblAasqfI9eALgtGV,-L6SOLX-XQcBmLndeQrx,-L6W1CSPSjeLdGQqPgSl,-L6SNJxupR9B1OEOnWfD,-L6SOLX-XQcBmLndeQrx,,Automate,1,KIEBACK & PETER,DC420,,2017,,En service,Equipements/-NzgihSnqraEAKmq6A2H/-O-KdKbg16xbbE5U3g5p/-O0sblAasqfI9eALgtGV/photoPlaque/20241024_102535139_C64O2D65UsZ9LH9FBnldhaNcmIH3_Photo.jpg,Système de régulation
-O10oejgzkiicAXXUTzC.-O21S8IhcYRR5D5hlI6N.-O2OECYiA7oiTir5twUO,-L6SNJxupR9B1OEOnWfD,-L6W1CSPSjeLdGQqPgSl,-L6SNJxupR9B1OEOnWfD,,,Système de régulation,1,,,,,,En service,Equipements/-O10oejgzkiicAXXUTzC/-O21S8IhcYRR5D5hlI6N/-O2OECYiA7oiTir5twUO/photoPlaque/20240722_085937119_IDd9G70Av8Mg0uIbrbjujmePl1t2_Photo.jpg,Système de régulation
-Mvby1_OfnTIv6jXEQ2n.-MwWxB4VLfm4Z9lTeVOb.-NHiVQY-1nHd6AT4AnVu,-M6YyQy-B4nC0Szktjz-,-L6W1CSPSjeLdGQqPgSl,-L6SNJxupR9B1OEOnWfD,-M6YyQy-B4nC0Szktjz-,,Armoire automate,1,Schneider,,,2022,,En service,Equipements/-Mvby1_OfnTIv6jXEQ2n/-MwWxB4VLfm4Z9lTeVOb/-NHiVQY-1nHd6AT4AnVu/photoPlaque/20221215_090516562_QFQ2QOBva4RRQbRfFFh4JmoUtUo1_Photo.jpg,Système de régulation
-M3g0GpL2_nMS22M6RNX.-M3upLUTKwYWG1G7-lEx.-MQiidhafdIywzv8qHrO,-M6YyQy-B4nC0Szktjz-,-L6W1CSPSjeLdGQqPgSl,-L6SNJxupR9B1OEOnWfD,-M6YyQy-B4nC0Szktjz-,,Armoire automate,1,COMECA SYSTEMES,SF2070A,,2012,,En service,Equipements/-M3g0GpL2_nMS22M6RNX/-M3upLUTKwYWG1G7-lEx/-MQiidhafdIywzv8qHrO/photoPlaque/20210111_012323441_VZq3BNM0VPf2j7dWpSMZ7AFJoCv1_Photo.jpg,Système de régulation
-O08XBK9L33mwm-Rsyn-.-O10bflDoFE93YKyZdch.-O6a7zKw9NJR30K60VJW,-O0J1vJ4Y3QGUn4xoYi9,-L6W1CSPSjeLdGQqPgSl,-L6SNJxupR9B1OEOnWfD,-O0J1vJ4Y3QGUn4xoYi9,,Servomoteur,2,SOCLA,SR230AX,,,,En service,Equipements/-O08XBK9L33mwm-Rsyn-/-O10bflDoFE93YKyZdch/-O6a7zKw9NJR30K60VJW/photoPlaque/20240912_121039870_6YuJ5Hrv6bNHskkAO17rjymN6A62_Photo.jpg,Système de régulation
-NPretPOyYoPfS9LYbhf.-NQ506NfMViYr_vxwB_0.-NQ5JjxTGeK_VRLOrq23,-L6W1CP69x2wLZh2J9ka,-L6W1C0X9zmAZC-JClDm,-L6SNFvzGaHdq6FFsUV8,-L6W1CP69x2wLZh2J9ka,,Ventilateur de désenfumage (extraction),1,CALADAIR,PYROSTAR 10A H4,131757-600,2015,CC R+2,En service,Equipements/-NPretPOyYoPfS9LYbhf/-NQ506NfMViYr_vxwB_0/-NQ5JjxTGeK_VRLOrq23/photoPlaque/20230414_090727807_YCHYZ4TjtWe0PH9S9qGKqPNhFWV2_Photo.jpg,Ventilateur de désenfumage mécanique
-NIrZfylQnCTXUyuthUg.-NIrZnFWyrwiMjLbO96Q.-NKrGkCohXGytcWa2LgE,-L6W1CP69x2wLZh2J9ka,-L6W1C0X9zmAZC-JClDm,-L6SNFvzGaHdq6FFsUV8,-L6W1CP69x2wLZh2J9ka,,Ventilateur de désenfumage (extraction),1,HELIOS,AX50DZ22AW4,,,,A l'arrêt,Equipements/-NIrZfylQnCTXUyuthUg/-NIrZnFWyrwiMjLbO96Q/-NKrGkCohXGytcWa2LgE/photoPlaque/20230103_115857693_WWewGGo4u1VJ704FtGHsLn4wxUn1_Photo.jpg,Ventilateur de désenfumage mécanique
-NLWSjSQVBPWMHy_BaeU.-NLWaVu8dRQ1XrY7WQWO.-NL_s7lL5cO51h6OSjb-,-L6W1CP69x2wLZh2J9ka,-L6W1C0X9zmAZC-JClDm,-L6SNFvzGaHdq6FFsUV8,-L6W1CP69x2wLZh2J9ka,,Ventilateur de désenfumage (extraction),1,Atlantic,EcoT73D Critair,,,,Standby,Equipements/-NLWSjSQVBPWMHy_BaeU/-NLWaVu8dRQ1XrY7WQWO/-NL_s7lL5cO51h6OSjb-/photoPlaque/20230202_092522887_ZV6gDgREJcWz4QvkP3cEcNmTUgQ2_Photo.jpg,Ventilateur de désenfumage mécanique
-MvcxoiFEohOhXdF8MES.-MvdE2vgDn_YOYlobjB5.-MwBHFGmraIaTY8ZJ8Hu,-L6SNFvzGaHdq6FFsUV8,-L6W1C0X9zmAZC-JClDm,-L6SNFvzGaHdq6FFsUV8,,,Ventilateur de désenfumage mécanique,1,SAFTAIR,HDF-1000-L-9-160,,2005,Parking R-5,En service,Equipements/-MvcxoiFEohOhXdF8MES/-MvdE2vgDn_YOYlobjB5/-MwBHFGmraIaTY8ZJ8Hu/photoPlaque/20220218_100521736_YCHYZ4TjtWe0PH9S9qGKqPNhFWV2_Photo.jpg,Ventilateur de désenfumage mécanique
-MHve8b7zxY75aK4bVV0.-MHveSUWpX0-0FdlHHUK.-MIhnppBbdqOsJ581dxj,-L6W1CPM1Qd8TQiWabfn,-L6W1C0X9zmAZC-JClDm,-L6SNFvzGaHdq6FFsUV8,-L6W1CPM1Qd8TQiWabfn,,Ventilateur de désenfumage (soufflage),1,France air,,,,salle d'armes,En service,Equipements/-MHve8b7zxY75aK4bVV0/-MHveSUWpX0-0FdlHHUK/-MIhnppBbdqOsJ581dxj/photoPlaque/20201006_111248365_QFQ2QOBva4RRQbRfFFh4JmoUtUo1_Photo.jpg,Ventilateur de désenfumage mécanique
